<?xml version="1.0" encoding="UTF-8"?>
<project-private xmlns="http://www.netbeans.org/ns/project-private/1">
    <editor-bookmarks xmlns="http://www.netbeans.org/ns/editor-bookmarks/2" lastBookmarkId="0"/>
    <open-files xmlns="http://www.netbeans.org/ns/projectui-open-files/2">
        <group>
            <file>file:/C:/Users/Lucho/Documents/NetBeansProjects/Inmobiliaria/src/DAOs/InmDAO.java</file>
            <file>file:/C:/Users/Lucho/Documents/NetBeansProjects/Inmobiliaria/src/DAOs/ContratoDAO.java</file>
            <file>file:/C:/Users/Lucho/Documents/NetBeansProjects/Inmobiliaria/src/Controllers/InmuebleController.java</file>
            <file>file:/C:/Users/Lucho/Documents/NetBeansProjects/Inmobiliaria/src/Vistas/ABMInmueble.java</file>
            <file>file:/C:/Users/Lucho/Documents/NetBeansProjects/Inmobiliaria/src/DAOs/EstadisticasAsesorDAO.java</file>
            <file>file:/C:/Users/Lucho/Documents/NetBeansProjects/Inmobiliaria/src/Main/Conexion.java</file>
            <file>file:/C:/Users/Lucho/Documents/NetBeansProjects/Inmobiliaria/src/Vistas/InmueblePanel.java</file>
            <file>file:/C:/Users/Lucho/Documents/NetBeansProjects/Inmobiliaria/src/DAOs/InmuebleDAO.java</file>
        </group>
    </open-files>
</project-private>
